{
  "greedy": {
    "repetition": 0.9655172413793104,
    "diversity": 0.0034482758620689655,
    "length_avg": 30.0,
    "surprise_avg": 3.0013015111287435,
    "strategy": "greedy"
  },
  "topk_10": {
    "repetition": 0.8413793103448276,
    "diversity": 0.14482758620689656,
    "length_avg": 30.0,
    "surprise_avg": 3.7213486115137737,
    "strategy": "topk_10"
  },
  "topk_50": {
    "repetition": 0.8126436781609195,
    "diversity": 0.18160919540229886,
    "length_avg": 30.0,
    "surprise_avg": 1.2518548707167307,
    "strategy": "topk_50"
  },
  "topp_0.9": {
    "repetition": 0.22988505747126436,
    "diversity": 0.7528735632183908,
    "length_avg": 30.0,
    "surprise_avg": 4.264198231697082,
    "strategy": "topp_0.9"
  },
  "topp_0.8": {
    "repetition": 0.9655172413793104,
    "diversity": 0.034482758620689655,
    "length_avg": 30.0,
    "surprise_avg": 0.4971905400355657,
    "strategy": "topp_0.8"
  },
  "beam3": {
    "repetition": 0.9655172413793104,
    "diversity": 0.0034482758620689655,
    "length_avg": 30.0,
    "surprise_avg": 0.0,
    "strategy": "beam3"
  },
  "beam5": {
    "repetition": 0.9655172413793104,
    "diversity": 0.0034482758620689655,
    "length_avg": 30.0,
    "surprise_avg": 0.0,
    "strategy": "beam5"
  }
}