{
  "greedy": {
    "repetition": 0.9655172413793104,
    "diversity": 0.0034482758620689655,
    "length_avg": 30.0,
    "surprise_avg": 3.053081162770589,
    "strategy": "greedy"
  },
  "topk_10": {
    "repetition": 0.8954022988505748,
    "diversity": 0.08850574712643679,
    "length_avg": 30.0,
    "surprise_avg": 3.5501886367797852,
    "strategy": "topk_10"
  },
  "topk_50": {
    "repetition": 0.8655172413793103,
    "diversity": 0.12413793103448276,
    "length_avg": 30.0,
    "surprise_avg": 0.9615339001019796,
    "strategy": "topk_50"
  },
  "topp_0.9": {
    "repetition": 0.20344827586206896,
    "diversity": 0.7770114942528735,
    "length_avg": 30.0,
    "surprise_avg": 4.144266804059346,
    "strategy": "topp_0.9"
  },
  "topp_0.8": {
    "repetition": 0.9655172413793104,
    "diversity": 0.034482758620689655,
    "length_avg": 30.0,
    "surprise_avg": 0.6072962015867234,
    "strategy": "topp_0.8"
  },
  "beam3": {
    "repetition": 0.9655172413793104,
    "diversity": 0.0034482758620689655,
    "length_avg": 30.0,
    "surprise_avg": 0.0,
    "strategy": "beam3"
  },
  "beam5": {
    "repetition": 0.9655172413793104,
    "diversity": 0.0034482758620689655,
    "length_avg": 30.0,
    "surprise_avg": 0.0,
    "strategy": "beam5"
  }
}